t,name,cpu_percent,mem
1.8,donors-web-2,0.23%,58.64MiB / 512MiB
1.8,donors-lb-1,0.00%,18.05MiB / 7.635GiB
1.8,donors-web-1,33.83%,60.57MiB / 512MiB
1.8,donors-db-1,0.12%,68.4MiB / 7.635GiB
3.8,donors-web-2,0.18%,59.39MiB / 512MiB
3.8,donors-lb-1,0.00%,17.91MiB / 7.635GiB
3.8,donors-web-1,20.55%,72.33MiB / 512MiB
3.8,donors-db-1,0.03%,68.84MiB / 7.635GiB
5.9,donors-web-2,101.58%,72.8MiB / 512MiB
5.9,donors-lb-1,29.43%,23.59MiB / 7.635GiB
5.9,donors-web-1,81.87%,61.48MiB / 512MiB
5.9,donors-db-1,20.47%,68.03MiB / 7.635GiB
8.8,donors-web-2,89.30%,68.76MiB / 512MiB
8.8,donors-lb-1,23.34%,24.33MiB / 7.635GiB
8.8,donors-web-1,95.58%,74.63MiB / 512MiB
8.8,donors-db-1,30.75%,68.57MiB / 7.635GiB
10.7,donors-web-2,97.17%,60.01MiB / 512MiB
10.7,donors-lb-1,31.74%,24.51MiB / 7.635GiB
10.7,donors-web-1,94.08%,60.85MiB / 512MiB
10.7,donors-db-1,34.69%,68.18MiB / 7.635GiB
12.7,donors-web-2,101.44%,72.5MiB / 512MiB
12.7,donors-lb-1,26.26%,24.57MiB / 7.635GiB
12.7,donors-web-1,91.44%,61.61MiB / 512MiB
12.7,donors-db-1,21.99%,68.31MiB / 7.635GiB
14.8,donors-web-2,100.29%,59.95MiB / 512MiB
14.8,donors-lb-1,28.76%,24.54MiB / 7.635GiB
14.8,donors-web-1,100.65%,68.64MiB / 512MiB
14.8,donors-db-1,33.60%,68.39MiB / 7.635GiB
16.7,donors-web-2,105.64%,72.53MiB / 512MiB
16.7,donors-lb-1,22.51%,24.52MiB / 7.635GiB
16.7,donors-web-1,96.63%,61.64MiB / 512MiB
16.7,donors-db-1,18.47%,68.53MiB / 7.635GiB
18.6,donors-web-2,96.01%,60.04MiB / 512MiB
18.6,donors-lb-1,25.68%,24.5MiB / 7.635GiB
18.6,donors-web-1,100.52%,70.05MiB / 512MiB
18.6,donors-db-1,24.32%,68.28MiB / 7.635GiB
20.6,donors-web-2,98.81%,72.77MiB / 512MiB
20.6,donors-lb-1,23.71%,24.54MiB / 7.635GiB
20.6,donors-web-1,95.71%,61.42MiB / 512MiB
20.6,donors-db-1,23.70%,68.35MiB / 7.635GiB
22.6,donors-web-2,96.15%,60.18MiB / 512MiB
22.6,donors-lb-1,26.94%,24.23MiB / 7.635GiB
22.6,donors-web-1,101.80%,70.61MiB / 512MiB
22.6,donors-db-1,26.98%,68.15MiB / 7.635GiB
24.5,donors-web-2,97.72%,60.11MiB / 512MiB
24.5,donors-lb-1,22.98%,24.55MiB / 7.635GiB
24.5,donors-web-1,97.62%,61.64MiB / 512MiB
24.5,donors-db-1,23.97%,68.23MiB / 7.635GiB
27.5,donors-web-2,104.36%,71.64MiB / 512MiB
27.5,donors-lb-1,35.03%,24.35MiB / 7.635GiB
27.5,donors-web-1,98.73%,61.52MiB / 512MiB
27.5,donors-db-1,32.60%,68.01MiB / 7.635GiB
29.5,donors-web-2,100.45%,60.38MiB / 512MiB
29.5,donors-lb-1,54.61%,24.29MiB / 7.635GiB
29.5,donors-web-1,97.10%,70.44MiB / 512MiB
29.5,donors-db-1,33.60%,68.43MiB / 7.635GiB
31.5,donors-web-2,101.87%,70.98MiB / 512MiB
31.5,donors-lb-1,32.11%,24.47MiB / 7.635GiB
31.5,donors-web-1,95.87%,61.33MiB / 512MiB
31.5,donors-db-1,28.99%,68.45MiB / 7.635GiB
33.5,donors-web-2,96.06%,60.1MiB / 512MiB
33.5,donors-lb-1,25.74%,24.31MiB / 7.635GiB
33.5,donors-web-1,99.43%,71.04MiB / 512MiB
33.5,donors-db-1,26.59%,69.79MiB / 7.635GiB
36.6,donors-web-2,115.22%,71.89MiB / 512MiB
36.6,donors-lb-1,25.46%,24.52MiB / 7.635GiB
36.6,donors-web-1,108.94%,61.2MiB / 512MiB
36.6,donors-db-1,38.22%,68.41MiB / 7.635GiB
39.4,donors-web-2,93.75%,59.8MiB / 512MiB
39.4,donors-lb-1,35.33%,24.4MiB / 7.635GiB
39.4,donors-web-1,93.79%,61.38MiB / 512MiB
39.4,donors-db-1,30.43%,68.04MiB / 7.635GiB
41.4,donors-web-2,96.61%,73.05MiB / 512MiB
41.4,donors-lb-1,32.17%,24.6MiB / 7.635GiB
41.4,donors-web-1,101.42%,69.76MiB / 512MiB
41.4,donors-db-1,24.96%,68.23MiB / 7.635GiB
43.4,donors-web-2,96.67%,60MiB / 512MiB
43.4,donors-lb-1,32.39%,24.38MiB / 7.635GiB
43.4,donors-web-1,95.25%,61.86MiB / 512MiB
43.4,donors-db-1,30.01%,68.34MiB / 7.635GiB
45.3,donors-web-2,101.02%,72.8MiB / 512MiB
45.3,donors-lb-1,24.47%,24.61MiB / 7.635GiB
45.3,donors-web-1,104.02%,69.73MiB / 512MiB
45.3,donors-db-1,22.55%,68.54MiB / 7.635GiB
47.3,donors-web-2,93.45%,59.3MiB / 512MiB
47.3,donors-lb-1,33.73%,24.31MiB / 7.635GiB
47.3,donors-web-1,107.40%,74.99MiB / 512MiB
47.3,donors-db-1,33.19%,68.23MiB / 7.635GiB
49.3,donors-web-2,95.94%,60.02MiB / 512MiB
49.3,donors-lb-1,28.15%,24.13MiB / 7.635GiB
49.3,donors-web-1,96.18%,61.18MiB / 512MiB
49.3,donors-db-1,26.47%,68.24MiB / 7.635GiB
51.3,donors-web-2,79.63%,59.75MiB / 512MiB
51.3,donors-lb-1,26.28%,24.24MiB / 7.635GiB
51.3,donors-web-1,95.74%,74.75MiB / 512MiB
51.3,donors-db-1,23.14%,68.3MiB / 7.635GiB
53.2,donors-web-2,93.80%,60.07MiB / 512MiB
53.2,donors-lb-1,28.20%,24.65MiB / 7.635GiB
53.2,donors-web-1,96.08%,61.67MiB / 512MiB
53.2,donors-db-1,30.05%,68.59MiB / 7.635GiB
55.2,donors-web-2,106.87%,68.12MiB / 512MiB
55.2,donors-lb-1,31.76%,24.35MiB / 7.635GiB
55.2,donors-web-1,99.28%,74.24MiB / 512MiB
55.2,donors-db-1,35.70%,68.3MiB / 7.635GiB
57.2,donors-web-2,107.32%,73.13MiB / 512MiB
57.2,donors-lb-1,61.10%,24.7MiB / 7.635GiB
57.2,donors-web-1,95.83%,61.46MiB / 512MiB
57.2,donors-db-1,79.95%,68.45MiB / 7.635GiB
59.2,donors-web-2,63.67%,60.38MiB / 512MiB
59.2,donors-lb-1,18.30%,24.75MiB / 7.635GiB
59.2,donors-web-1,94.01%,75.01MiB / 512MiB
59.2,donors-db-1,24.52%,68.44MiB / 7.635GiB
62.2,donors-web-2,1.81%,59.68MiB / 512MiB
62.2,donors-lb-1,1.06%,19.3MiB / 7.635GiB
62.2,donors-web-1,39.14%,69.93MiB / 512MiB
62.2,donors-db-1,0.02%,67.95MiB / 7.635GiB
