"t","cpu","avail_mb","pages_s","disk"
"19:30:47","61,6","3438","447,2","1,7"
"19:30:49","37,5","3407","868,1","1,8"
"19:30:51","26,8","3429","15,9","1,1"
"19:30:53","35,5","3478","97,3","1,2"
"19:30:55","27,7","3452","15,9","0,2"
"19:30:57","46","3465","105,2","0,7"
"19:30:59","46,6","3466","63","0,7"
"19:31:01","67,5","3199","693,2","2,8"
"19:31:03","77,8","3250","254,5","0,8"
"19:31:05","55,7","3247","21","0,5"
"19:31:07","73,9","3264","12,4","0,6"
"19:31:09","84","3236","6,5","0,5"
"19:31:11","88,7","3195","5522,1","10,8"
"19:31:13","86,3","3157","3256,4","17"
"19:31:15","89,5","3179","963,8","19,3"
"19:31:18","83,4","3165","48,7","0,5"
"19:31:20","94,4","3142","329,2","1,6"
"19:31:22","74","3143","8","0,4"
"19:31:24","83,2","3141","56,3","0,5"
"19:31:26","69,3","3153","0","0,3"
"19:31:28","92,6","3135","431,8","1,2"
"19:31:30","87,1","3113","30,9","1,3"
"19:31:32","70,5","3126","23","0,7"
"19:31:34","77,1","3102","13,4","0,3"
"19:31:36","69,5","3119","6687,5","11,9"
"19:31:38","72,3","3111","283","0,8"
"19:31:40","86,1","3144","59,6","0,9"
"19:31:42","72,2","3104","3599","8,6"
"19:31:44","89,8","3128","887,4","14,7"
"19:31:46","89,1","3127","78,8","6,4"
"19:31:48","99,7","3115","260,3","3,6"
"19:31:50","99,5","3135","3883,4","30,3"
"19:31:52","95,9","3132","1658,9","18,4"
"19:31:54","95,7","3128","1637,1","12,3"
"19:31:56","78,6","3265","9910,1","19"
"19:31:58","52,2","3360","424,8","11,7"
"19:32:00","77,5","3337","277,1","11,8"
"19:32:02","49,8","3339","3789","94,2"
"19:32:04","62,7","3325","927,8","1,9"
"19:32:06","44,3","3307","465,6","0,6"
"19:32:08","78,4","3120","446,4","1"
"19:32:10","96,6","3082","19","0,4"
"19:32:12","77,6","3122","1","0,4"
"19:32:14","80,3","3124","102,4","1,2"
"19:32:16","71,7","3133","65,8","0,5"
"19:32:18","90,2","3099","50,3","0,9"
"19:32:20","90,5","3087","18,4","0,4"
"19:32:22","77,3","3102","2,5","0,4"
"19:32:24","70","3117","24,4","0,6"
"19:32:26","67,8","3118","0","0,2"
"19:32:28","84,4","3094","18,9","1,6"
"19:32:30","85,7","3072","28,3","0,5"
"19:32:32","92,2","3073","42,7","0,6"
"19:32:34","78,8","3070","15,9","0,5"
"19:32:36","72,5","3092","1015,5","2,8"
"19:32:38","98,2","2982","2197,4","5,1"
"19:32:40","100","2945","892,9","1,4"
"19:32:42","90,5","2980","2229","3,2"
"19:32:44","87,2","3001","891,7","1,9"
"19:32:46","85,9","2983","1885,3","4,4"
"19:32:48","87","2981","5659,9","59,6"
"19:32:50","87,5","2966","246,5","0,8"
"19:32:52","78,3","2970","261,3","0,9"
"19:32:54","80,9","2988","367,7","1"
"19:32:56","72,2","2973","2614,5","7,2"
"19:32:58","91,6","2943","1638,9","6,3"
"19:33:00","97,9","2885","4242,5","29,2"
"19:33:02","85,9","3136","4181","35,6"
"19:33:04","95","3180","2133,7","10,9"
"19:33:06","91,8","3175","1810,4","17,1"
"19:33:08","99,4","3162","2245,7","5,9"
"19:33:10","100","3096","17375,7","31,5"
"19:33:12","100","3057","19591,9","8,6"
"19:33:14","96,4","3031","5947,8","9,1"
"19:33:16","98,7","2847","12921,5","45,1"
"19:33:18","100","2786","5280,3","17,9"
"19:33:20","98,2","2756","788","3,9"
"19:33:22","99,2","2786","1373","3,3"
"19:33:24","100","2767","1416,6","3,2"
"19:33:26","93,2","2743","249,5","4"
"19:33:29","99,4","2644","242,5","1,1"
"19:33:31","93,1","2636","215,7","1,7"
"19:33:33","91,2","2711","2945,1","6,8"
"19:33:35","99,6","2680","2759,7","20,8"
"19:33:37","99,7","2578","4785,4","88,9"
"19:33:39","100","2581","4021,6","46,9"
"19:33:41","98,5","2726","3256,3","46,3"
"19:33:43","91,5","2637","2318,9","18,2"
"19:33:45","95,1","2656","2838,5","30,6"
"19:33:47","92,1","2657","2246,6","16,5"
"19:33:49","85,4","2689","1625,4","5,9"
"19:33:51","85","2704","163,9","1,7"
"19:33:53","75,8","2703","132,8","1,2"
"19:33:55","79","2696","386,3","2,3"
"19:33:57","81,9","2697","246,6","0,6"
"19:33:59","76","2695","362,8","1,5"
"19:34:01","70,1","2662","100,2","0,4"
"19:34:03","70,9","2666","0,5","0,7"
"19:34:05","82,2","2661","2023,9","7"
"19:34:07","95,8","2666","1722,6","5,8"
"19:34:09","96,8","2609","7436,1","3,1"
"19:34:11","75,5","2876","17,3","0,7"
"19:34:13","54,4","2959","175,1","1,7"
"19:34:15","43,6","3004","319","7,3"
"19:34:17","70,8","2992","2978,6","15,2"
"19:34:19","69,3","2983","3920","14,3"
"19:34:21","50,2","3018","82,4","1,3"
"19:34:23","31,2","3021","80,1","2,5"
"19:34:26","40,1","2981","4019,8","7,4"
"19:34:28","65,5","2948","361,9","1,1"
"19:34:30","60,3","2944","267,2","2,6"
"19:34:32","78,8","2910","823,1","3,6"
"19:34:34","78,8","2928","170,7","1,4"
"19:34:36","40,8","2965","117,4","0,6"
"19:34:38","41,2","2972","127,9","1,2"
"19:34:40","27,5","2987","26","0,5"
"19:34:42","48,5","2958","65,7","2,2"
"19:34:44","33,3","2988","377,7","1,3"
"19:34:46","40,4","3038","124","2"
"19:34:48","49,9","3037","57,3","0,5"
"19:34:50","25,6","3060","12,9","41,6"
"19:34:52","30,1","3056","11","0,2"
"19:34:54","23,5","3041","78,8","1,3"
"19:34:56","17","3071","34,3","1,3"
"19:34:58","43,9","3045","40,7","0,6"
"19:35:00","21,9","3010","64,2","0,6"
"19:35:02","24,3","3026","16,9","0,7"
"19:35:04","11,6","3039","2,5","0,5"
"19:35:06","11,6","3059","16,4","0,4"
"19:35:08","21,7","3071","5","0,4"
